[
    {
        "thumbnail": "https://images.unsplash.com/photo-1461529959205-ba7d61debd0b?ixlib=rb-0.3.5&q=80&fm=jpg&crop=entropy&w=400&fit=max&s=0653332e9c1498112a303c583c102f6a",
        "enlarged": "https://images.unsplash.com/photo-1461529959205-ba7d61debd0b?ixlib=rb-0.3.5&q=80&fm=jpg&crop=entropy&w=1080&fit=max&s=a74e25633c9c659c0778b71ca9aa33a0",
        "title": "Antonio Ron ",
        "categories": [
            {
                "id": 4,
                "title": "自然风景",
                "photo_count": 41787,
                "links": {
                    "self": "https://api.unsplash.com/categories/4",
                    "photos": "https://api.unsplash.com/categories/4/photos"
                }
            }
        ],
        "tWidth": 443.74009508716324,
        "tHeight": 300,
        "eWidth": 2800,
        "eHeight": 1893
    },
    {
        "thumbnail": "https://images.unsplash.com/photo-1461511669078-d46bf351cd6e?ixlib=rb-0.3.5&q=80&fm=jpg&crop=entropy&w=400&fit=max&s=6c049f444a1102cffa9d6bbc79f33559",
        "enlarged": "https://images.unsplash.com/photo-1461511669078-d46bf351cd6e?ixlib=rb-0.3.5&q=80&fm=jpg&crop=entropy&w=1080&fit=max&s=1927bbe981f4f2f68683c6639673436f",
        "title": "Marc Wieland ",
        "categories": [
            {
                "id": 4,
                "title": "自然风景",
                "photo_count": 41787,
                "links": {
                    "self": "https://api.unsplash.com/categories/4",
                    "photos": "https://api.unsplash.com/categories/4/photos"
                }
            }
        ],
        "tWidth": 449.9390491670053,
        "tHeight": 300,
        "eWidth": 3691,
        "eHeight": 2461
    },
    {
        "thumbnail": "https://images.unsplash.com/photo-1461511540000-cadab67b2b84?ixlib=rb-0.3.5&q=80&fm=jpg&crop=entropy&w=400&fit=max&s=2aa8a0e35aaaae42a40f7bd8c83754bb",
        "enlarged": "https://images.unsplash.com/photo-1461511540000-cadab67b2b84?ixlib=rb-0.3.5&q=80&fm=jpg&crop=entropy&w=1080&fit=max&s=c19919f27cd695d35a19f315024ebb5a",
        "title": "Marc Wieland ",
        "categories": [
            {
                "id": 4,
                "title": "自然风景",
                "photo_count": 41787,
                "links": {
                    "self": "https://api.unsplash.com/categories/4",
                    "photos": "https://api.unsplash.com/categories/4/photos"
                }
            }
        ],
        "tWidth": 450,
        "tHeight": 300,
        "eWidth": 4581,
        "eHeight": 3054
    },
    {
        "thumbnail": "https://images.unsplash.com/photo-1461503312594-019be44dd599?ixlib=rb-0.3.5&q=80&fm=jpg&crop=entropy&w=400&fit=max&s=ee73f48df5fbd7e666a9c84ab0bef482",
        "enlarged": "https://images.unsplash.com/photo-1461503312594-019be44dd599?ixlib=rb-0.3.5&q=80&fm=jpg&crop=entropy&w=1080&fit=max&s=e0681e8efba4b14e980e1491d76ce9b6",
        "title": "Tim Marshall ",
        "categories": [
            {
                "id": 4,
                "title": "自然风景",
                "photo_count": 41787,
                "links": {
                    "self": "https://api.unsplash.com/categories/4",
                    "photos": "https://api.unsplash.com/categories/4/photos"
                }
            }
        ],
        "tWidth": 450,
        "tHeight": 300,
        "eWidth": 5184,
        "eHeight": 3456
    },
    {
        "thumbnail": "https://images.unsplash.com/photo-1461499982595-c43c266c57bf?ixlib=rb-0.3.5&q=80&fm=jpg&crop=entropy&w=400&fit=max&s=540c6145e21e4fcbb7506ee3cb2cc764",
        "enlarged": "https://images.unsplash.com/photo-1461499982595-c43c266c57bf?ixlib=rb-0.3.5&q=80&fm=jpg&crop=entropy&w=1080&fit=max&s=9cbf99dba085124fbb297e17a83b79a8",
        "title": "Pineapples , ",
        "categories": [
            {
                "id": 2,
                "title": "Buildings",
                "photo_count": 17424,
                "links": {
                    "self": "https://api.unsplash.com/categories/2",
                    "photos": "https://api.unsplash.com/categories/2/photos"
                }
            },
            {
                "id": 4,
                "title": "自然风景",
                "photo_count": 41787,
                "links": {
                    "self": "https://api.unsplash.com/categories/4",
                    "photos": "https://api.unsplash.com/categories/4/photos"
                }
            }
        ],
        "tWidth": 450,
        "tHeight": 300,
        "eWidth": 5337,
        "eHeight": 3558
    },
    {
        "thumbnail": "https://images.unsplash.com/photo-1461489418981-38015d9f587c?ixlib=rb-0.3.5&q=80&fm=jpg&crop=entropy&w=400&fit=max&s=f32c075236a3cfcedd79cfae74b6b335",
        "enlarged": "https://images.unsplash.com/photo-1461489418981-38015d9f587c?ixlib=rb-0.3.5&q=80&fm=jpg&crop=entropy&w=1080&fit=max&s=ed035483917eeb50eaaa67beabf49a16",
        "title": "Chris Lawton , ",
        "categories": [
            {
                "id": 2,
                "title": "Buildings",
                "photo_count": 17424,
                "links": {
                    "self": "https://api.unsplash.com/categories/2",
                    "photos": "https://api.unsplash.com/categories/2/photos"
                }
            },
            {
                "id": 6,
                "title": "People",
                "photo_count": 13970,
                "links": {
                    "self": "https://api.unsplash.com/categories/6",
                    "photos": "https://api.unsplash.com/categories/6/photos"
                }
            }
        ],
        "tWidth": 449.9613302397525,
        "tHeight": 300,
        "eWidth": 5818,
        "eHeight": 3879
    },
    {
        "thumbnail": "https://images.unsplash.com/photo-1461484261293-7175bb44e871?ixlib=rb-0.3.5&q=80&fm=jpg&crop=entropy&w=400&fit=max&s=5b6fed2c736faa3d60fb0d409b811001",
        "enlarged": "https://images.unsplash.com/photo-1461484261293-7175bb44e871?ixlib=rb-0.3.5&q=80&fm=jpg&crop=entropy&w=1080&fit=max&s=5a0dd4668d1240cf726d6dfa16fff565",
        "title": "Igor Lepilin ",
        "categories": [
            {
                "id": 4,
                "title": "自然风景",
                "photo_count": 41787,
                "links": {
                    "self": "https://api.unsplash.com/categories/4",
                    "photos": "https://api.unsplash.com/categories/4/photos"
                }
            }
        ],
        "tWidth": 450,
        "tHeight": 300,
        "eWidth": 4563,
        "eHeight": 3042
    },
    {
        "thumbnail": "https://images.unsplash.com/photo-1461471007646-cb8d3837f93a?ixlib=rb-0.3.5&q=80&fm=jpg&crop=entropy&w=400&fit=max&s=2d3afa94ea0af69a5da3d92cdc7df8e6",
        "enlarged": "https://images.unsplash.com/photo-1461471007646-cb8d3837f93a?ixlib=rb-0.3.5&q=80&fm=jpg&crop=entropy&w=1080&fit=max&s=24aa071844a564c549303ad2b5db4a07",
        "title": "Charles Yeager ",
        "categories": [
            {
                "id": 4,
                "title": "自然风景",
                "photo_count": 41787,
                "links": {
                    "self": "https://api.unsplash.com/categories/4",
                    "photos": "https://api.unsplash.com/categories/4/photos"
                }
            }
        ],
        "tWidth": 400,
        "tHeight": 300,
        "eWidth": 4000,
        "eHeight": 3000
    },
    {
        "thumbnail": "https://images.unsplash.com/photo-1461468611824-46457c0e11fd?ixlib=rb-0.3.5&q=80&fm=jpg&crop=entropy&w=400&fit=max&s=6b062881920aa55ab8ea88f2cef4d4ce",
        "enlarged": "https://images.unsplash.com/photo-1461468611824-46457c0e11fd?ixlib=rb-0.3.5&q=80&fm=jpg&crop=entropy&w=1080&fit=max&s=a035cc63ca5112addcce8399c7cd432a",
        "title": "Artem Kovalev ",
        "categories": [
            {
                "id": 6,
                "title": "People",
                "photo_count": 13970,
                "links": {
                    "self": "https://api.unsplash.com/categories/6",
                    "photos": "https://api.unsplash.com/categories/6/photos"
                }
            }
        ],
        "tWidth": 450,
        "tHeight": 300,
        "eWidth": 4104,
        "eHeight": 2736
    },
    {
        "thumbnail": "https://images.unsplash.com/photo-1461441076521-862f137ed06c?ixlib=rb-0.3.5&q=80&fm=jpg&crop=entropy&w=400&fit=max&s=c97f9220bf4d6b3c3ef18615e689c5ef",
        "enlarged": "https://images.unsplash.com/photo-1461441076521-862f137ed06c?ixlib=rb-0.3.5&q=80&fm=jpg&crop=entropy&w=1080&fit=max&s=d4b5272fdde31f7a4f435154795315fa",
        "title": "Crawford Ifland ",
        "categories": [
            {
                "id": 4,
                "title": "自然风景",
                "photo_count": 41787,
                "links": {
                    "self": "https://api.unsplash.com/categories/4",
                    "photos": "https://api.unsplash.com/categories/4/photos"
                }
            }
        ],
        "tWidth": 450,
        "tHeight": 300,
        "eWidth": 4401,
        "eHeight": 2934
    },
    {
        "thumbnail": "https://images.unsplash.com/photo-1461440728156-f48806552a74?ixlib=rb-0.3.5&q=80&fm=jpg&crop=entropy&w=400&fit=max&s=7f49cddb59dfec91406b294a07b2624a",
        "enlarged": "https://images.unsplash.com/photo-1461440728156-f48806552a74?ixlib=rb-0.3.5&q=80&fm=jpg&crop=entropy&w=1080&fit=max&s=92135527fe6d11909e4172e7e2f3d9e6",
        "title": "Crawford Ifland ",
        "categories": [
            {
                "id": 2,
                "title": "Buildings",
                "photo_count": 17424,
                "links": {
                    "self": "https://api.unsplash.com/categories/2",
                    "photos": "https://api.unsplash.com/categories/2/photos"
                }
            }
        ],
        "tWidth": 450,
        "tHeight": 300,
        "eWidth": 5637,
        "eHeight": 3758
    },
    {
        "thumbnail": "https://images.unsplash.com/photo-1461439626172-c3b891456f2e?ixlib=rb-0.3.5&q=80&fm=jpg&crop=entropy&w=400&fit=max&s=77c364b6081b570c12c79ef9ae185ed3",
        "enlarged": "https://images.unsplash.com/photo-1461439626172-c3b891456f2e?ixlib=rb-0.3.5&q=80&fm=jpg&crop=entropy&w=1080&fit=max&s=b2270d362343e9e12f31353ccfb6ec19",
        "title": "Pineapples ",
        "categories": [
            {
                "id": 4,
                "title": "自然风景",
                "photo_count": 41787,
                "links": {
                    "self": "https://api.unsplash.com/categories/4",
                    "photos": "https://api.unsplash.com/categories/4/photos"
                }
            }
        ],
        "tWidth": 207.124148768989,
        "tHeight": 300,
        "eWidth": 3954,
        "eHeight": 5727
    },
    {
        "thumbnail": "https://images.unsplash.com/photo-1461438820504-6d00ea0157a5?ixlib=rb-0.3.5&q=80&fm=jpg&crop=entropy&w=400&fit=max&s=55db46ad358f287f1d603400ee04023e",
        "enlarged": "https://images.unsplash.com/photo-1461438820504-6d00ea0157a5?ixlib=rb-0.3.5&q=80&fm=jpg&crop=entropy&w=1080&fit=max&s=53f469e5c224809ae75a911c646db180",
        "title": "Thomas Martinsen ",
        "categories": [
            {
                "id": 8,
                "title": "物品",
                "photo_count": 10414,
                "links": {
                    "self": "https://api.unsplash.com/categories/8",
                    "photos": "https://api.unsplash.com/categories/8/photos"
                }
            }
        ],
        "tWidth": 450,
        "tHeight": 300,
        "eWidth": 4620,
        "eHeight": 3080
    },
    {
        "thumbnail": "https://images.unsplash.com/photo-1461435218581-ff0972867e90?ixlib=rb-0.3.5&q=80&fm=jpg&crop=entropy&w=400&fit=max&s=088db1dfd7a85e91beac09521778bf2b",
        "enlarged": "https://images.unsplash.com/photo-1461435218581-ff0972867e90?ixlib=rb-0.3.5&q=80&fm=jpg&crop=entropy&w=1080&fit=max&s=3f451138693c9da24aaa32698bc15e87",
        "title": "Mroux Bulikowska ",
        "categories": [
            {
                "id": 8,
                "title": "物品",
                "photo_count": 10414,
                "links": {
                    "self": "https://api.unsplash.com/categories/8",
                    "photos": "https://api.unsplash.com/categories/8/photos"
                }
            }
        ],
        "tWidth": 451.6961130742049,
        "tHeight": 300,
        "eWidth": 4261,
        "eHeight": 2830
    },
    {
        "thumbnail": "https://images.unsplash.com/photo-1461418749540-8c49a1d7369e?ixlib=rb-0.3.5&q=80&fm=jpg&crop=entropy&w=400&fit=max&s=10de789455ceacb3a74534bc2587172a",
        "enlarged": "https://images.unsplash.com/photo-1461418749540-8c49a1d7369e?ixlib=rb-0.3.5&q=80&fm=jpg&crop=entropy&w=1080&fit=max&s=5b4cf7a16623992d115c06e281e9bbd1",
        "title": "Sophia Baboolal ",
        "categories": [
            {
                "id": 8,
                "title": "物品",
                "photo_count": 10414,
                "links": {
                    "self": "https://api.unsplash.com/categories/8",
                    "photos": "https://api.unsplash.com/categories/8/photos"
                }
            }
        ],
        "tWidth": 214.275,
        "tHeight": 300,
        "eWidth": 2857,
        "eHeight": 4000
    },
    {
        "thumbnail": "https://images.unsplash.com/photo-1461418559055-6f020c5a91e7?ixlib=rb-0.3.5&q=80&fm=jpg&crop=entropy&w=400&fit=max&s=063ac13bc4d372ee6edfabc5c6004f49",
        "enlarged": "https://images.unsplash.com/photo-1461418559055-6f020c5a91e7?ixlib=rb-0.3.5&q=80&fm=jpg&crop=entropy&w=1080&fit=max&s=ebfd5a4d5b5972c654656de886782157",
        "title": "Sophia Baboolal ",
        "categories": [
            {
                "id": 8,
                "title": "物品",
                "photo_count": 10414,
                "links": {
                    "self": "https://api.unsplash.com/categories/8",
                    "photos": "https://api.unsplash.com/categories/8/photos"
                }
            }
        ],
        "tWidth": 420.02100105005246,
        "tHeight": 300,
        "eWidth": 4000,
        "eHeight": 2857
    },
    {
        "thumbnail": "https://images.unsplash.com/photo-1461418126083-a84e9ca935de?ixlib=rb-0.3.5&q=80&fm=jpg&crop=entropy&w=400&fit=max&s=eecc5cedafdcdc902655dce7528b1c28",
        "enlarged": "https://images.unsplash.com/photo-1461418126083-a84e9ca935de?ixlib=rb-0.3.5&q=80&fm=jpg&crop=entropy&w=1080&fit=max&s=afa1a3e52f2436f8f0aeb0d4296081b4",
        "title": "Sophia Baboolal ",
        "categories": [
            {
                "id": 8,
                "title": "物品",
                "photo_count": 10414,
                "links": {
                    "self": "https://api.unsplash.com/categories/8",
                    "photos": "https://api.unsplash.com/categories/8/photos"
                }
            }
        ],
        "tWidth": 420.02100105005246,
        "tHeight": 300,
        "eWidth": 4000,
        "eHeight": 2857
    },
    {
        "thumbnail": "https://images.unsplash.com/photo-1461411250718-4b4a5c0b270a?ixlib=rb-0.3.5&q=80&fm=jpg&crop=entropy&w=400&fit=max&s=dcc3baedcaff88febccf83e2f3c81e7e",
        "enlarged": "https://images.unsplash.com/photo-1461411250718-4b4a5c0b270a?ixlib=rb-0.3.5&q=80&fm=jpg&crop=entropy&w=1080&fit=max&s=1a280e8c2d44eecfc5171665abe0cb86",
        "title": "Paul Dufour ",
        "categories": [
            {
                "id": 6,
                "title": "People",
                "photo_count": 13970,
                "links": {
                    "self": "https://api.unsplash.com/categories/6",
                    "photos": "https://api.unsplash.com/categories/6/photos"
                }
            }
        ],
        "tWidth": 442.0794105607859,
        "tHeight": 300,
        "eWidth": 3600,
        "eHeight": 2443
    },
    {
        "thumbnail": "https://images.unsplash.com/photo-1461409971633-aa0e46732112?ixlib=rb-0.3.5&q=80&fm=jpg&crop=entropy&w=400&fit=max&s=cad7856b1f9a3d6953164078e4bdc188",
        "enlarged": "https://images.unsplash.com/photo-1461409971633-aa0e46732112?ixlib=rb-0.3.5&q=80&fm=jpg&crop=entropy&w=1080&fit=max&s=bb401d13a08d6459b80bc63a0905a091",
        "title": "Vladimir Chuchadeev ",
        "categories": [
            {
                "id": 2,
                "title": "Buildings",
                "photo_count": 17424,
                "links": {
                    "self": "https://api.unsplash.com/categories/2",
                    "photos": "https://api.unsplash.com/categories/2/photos"
                }
            }
        ],
        "tWidth": 449.8781478472786,
        "tHeight": 300,
        "eWidth": 3692,
        "eHeight": 2462
    },
    {
        "thumbnail": "https://images.unsplash.com/photo-1461407665364-25b173b7ffe2?ixlib=rb-0.3.5&q=80&fm=jpg&crop=entropy&w=400&fit=max&s=434fdbc1d6a1329f83389a914f422d74",
        "enlarged": "https://images.unsplash.com/photo-1461407665364-25b173b7ffe2?ixlib=rb-0.3.5&q=80&fm=jpg&crop=entropy&w=1080&fit=max&s=c3004e6a135d721a02fad9930754cb40",
        "title": "Elisa Coluccia ",
        "categories": [
            {
                "id": 4,
                "title": "自然风景",
                "photo_count": 41787,
                "links": {
                    "self": "https://api.unsplash.com/categories/4",
                    "photos": "https://api.unsplash.com/categories/4/photos"
                }
            }
        ],
        "tWidth": 400,
        "tHeight": 300,
        "eWidth": 3264,
        "eHeight": 2448
    },
    {
        "thumbnail": "https://images.unsplash.com/photo-1461407253610-78178a3f453f?ixlib=rb-0.3.5&q=80&fm=jpg&crop=entropy&w=400&fit=max&s=29bcb358f46ad65829b34452bf42009e",
        "enlarged": "https://images.unsplash.com/photo-1461407253610-78178a3f453f?ixlib=rb-0.3.5&q=80&fm=jpg&crop=entropy&w=1080&fit=max&s=74a74fa42d3eb34f4cd67d5919ea6d55",
        "title": "Yoal Desurmont ",
        "categories": [
            {
                "id": 4,
                "title": "自然风景",
                "photo_count": 41787,
                "links": {
                    "self": "https://api.unsplash.com/categories/4",
                    "photos": "https://api.unsplash.com/categories/4/photos"
                }
            }
        ],
        "tWidth": 300,
        "tHeight": 300,
        "eWidth": 4000,
        "eHeight": 4000
    },
    {
        "thumbnail": "https://images.unsplash.com/photo-1461407144084-2367f5f748de?ixlib=rb-0.3.5&q=80&fm=jpg&crop=entropy&w=400&fit=max&s=4148daebba1b6107877795b877dc0166",
        "enlarged": "https://images.unsplash.com/photo-1461407144084-2367f5f748de?ixlib=rb-0.3.5&q=80&fm=jpg&crop=entropy&w=1080&fit=max&s=dd400fec59cba48c23a5850c9706fba3",
        "title": "Yoal Desurmont ",
        "categories": [
            {
                "id": 4,
                "title": "自然风景",
                "photo_count": 41787,
                "links": {
                    "self": "https://api.unsplash.com/categories/4",
                    "photos": "https://api.unsplash.com/categories/4/photos"
                }
            }
        ],
        "tWidth": 450,
        "tHeight": 300,
        "eWidth": 6000,
        "eHeight": 4000
    },
    {
        "thumbnail": "https://images.unsplash.com/photo-1461406721424-4b62507fcbfe?ixlib=rb-0.3.5&q=80&fm=jpg&crop=entropy&w=400&fit=max&s=c2c9184da0078003bcd550bf6e7edeed",
        "enlarged": "https://images.unsplash.com/photo-1461406721424-4b62507fcbfe?ixlib=rb-0.3.5&q=80&fm=jpg&crop=entropy&w=1080&fit=max&s=f1d961d07027d3d5b2618222865086c6",
        "title": "Yoal Desurmont ",
        "categories": [
            {
                "id": 4,
                "title": "自然风景",
                "photo_count": 41787,
                "links": {
                    "self": "https://api.unsplash.com/categories/4",
                    "photos": "https://api.unsplash.com/categories/4/photos"
                }
            }
        ],
        "tWidth": 449.9567598731623,
        "tHeight": 300,
        "eWidth": 5203,
        "eHeight": 3469
    },
    {
        "thumbnail": "https://images.unsplash.com/photo-1461397932544-11132a69bf46?ixlib=rb-0.3.5&q=80&fm=jpg&crop=entropy&w=400&fit=max&s=725b60a95bca6e2d6211c1f8a7798540",
        "enlarged": "https://images.unsplash.com/photo-1461397932544-11132a69bf46?ixlib=rb-0.3.5&q=80&fm=jpg&crop=entropy&w=1080&fit=max&s=e463f9df8b36a869b0429d1d0ec03d84",
        "title": "Susan Yin ",
        "categories": [
            {
                "id": 4,
                "title": "自然风景",
                "photo_count": 41787,
                "links": {
                    "self": "https://api.unsplash.com/categories/4",
                    "photos": "https://api.unsplash.com/categories/4/photos"
                }
            }
        ],
        "tWidth": 449.60835509138377,
        "tHeight": 300,
        "eWidth": 4592,
        "eHeight": 3064
    },
    {
        "thumbnail": "https://images.unsplash.com/photo-1461397821064-32d6b3c91b9f?ixlib=rb-0.3.5&q=80&fm=jpg&crop=entropy&w=400&fit=max&s=e594e2384b7952a31516ce161dfcb0c4",
        "enlarged": "https://images.unsplash.com/photo-1461397821064-32d6b3c91b9f?ixlib=rb-0.3.5&q=80&fm=jpg&crop=entropy&w=1080&fit=max&s=7d18e47fb76ec7bacdcff78d1f14d1c3",
        "title": "Susan Yin ",
        "categories": [],
        "tWidth": 449.60835509138377,
        "tHeight": 300,
        "eWidth": 4592,
        "eHeight": 3064
    },
    {
        "thumbnail": "https://images.unsplash.com/photo-1461374699149-b941f35a8689?ixlib=rb-0.3.5&q=80&fm=jpg&crop=entropy&w=400&fit=max&s=cb552a18de5f07675f2a5e41581036ed",
        "enlarged": "https://images.unsplash.com/photo-1461374699149-b941f35a8689?ixlib=rb-0.3.5&q=80&fm=jpg&crop=entropy&w=1080&fit=max&s=0eba6ef7771bbe390210c5602fe23c54",
        "title": "Aaron Burden ",
        "categories": [
            {
                "id": 8,
                "title": "物品",
                "photo_count": 10414,
                "links": {
                    "self": "https://api.unsplash.com/categories/8",
                    "photos": "https://api.unsplash.com/categories/8/photos"
                }
            }
        ],
        "tWidth": 399.53596287703016,
        "tHeight": 300,
        "eWidth": 4592,
        "eHeight": 3448
    },
    {
        "thumbnail": "https://images.unsplash.com/photo-1461367463590-f58655179fd8?ixlib=rb-0.3.5&q=80&fm=jpg&crop=entropy&w=400&fit=max&s=1938e67601618517b8537ba4f5afed90",
        "enlarged": "https://images.unsplash.com/photo-1461367463590-f58655179fd8?ixlib=rb-0.3.5&q=80&fm=jpg&crop=entropy&w=1080&fit=max&s=6acc802812123e4948ba8cb77b832f91",
        "title": "Matt Baxter , ",
        "categories": [
            {
                "id": 2,
                "title": "Buildings",
                "photo_count": 17424,
                "links": {
                    "self": "https://api.unsplash.com/categories/2",
                    "photos": "https://api.unsplash.com/categories/2/photos"
                }
            },
            {
                "id": 6,
                "title": "People",
                "photo_count": 13970,
                "links": {
                    "self": "https://api.unsplash.com/categories/6",
                    "photos": "https://api.unsplash.com/categories/6/photos"
                }
            }
        ],
        "tWidth": 450,
        "tHeight": 300,
        "eWidth": 4272,
        "eHeight": 2848
    },
    {
        "thumbnail": "https://images.unsplash.com/photo-1461365570812-b7d5ebe71766?ixlib=rb-0.3.5&q=80&fm=jpg&crop=entropy&w=400&fit=max&s=ca9721e0848f7401018391e52eb22f40",
        "enlarged": "https://images.unsplash.com/photo-1461365570812-b7d5ebe71766?ixlib=rb-0.3.5&q=80&fm=jpg&crop=entropy&w=1080&fit=max&s=3a9f9900bec3e2c9aa2804c2ca251c5b",
        "title": "Matt Baxter ",
        "categories": [
            {
                "id": 8,
                "title": "物品",
                "photo_count": 10414,
                "links": {
                    "self": "https://api.unsplash.com/categories/8",
                    "photos": "https://api.unsplash.com/categories/8/photos"
                }
            }
        ],
        "tWidth": 361.1519607843137,
        "tHeight": 300,
        "eWidth": 2947,
        "eHeight": 2448
    },
    {
        "thumbnail": "https://images.unsplash.com/photo-1461360422312-048b738a1830?ixlib=rb-0.3.5&q=80&fm=jpg&crop=entropy&w=400&fit=max&s=61de20047c038a96de1263001f7ec3fe",
        "enlarged": "https://images.unsplash.com/photo-1461360422312-048b738a1830?ixlib=rb-0.3.5&q=80&fm=jpg&crop=entropy&w=1080&fit=max&s=4b542d1ff29e72fd6a33e7f1f4c13083",
        "title": "Mr Cup / Fabien Barral ",
        "categories": [
            {
                "id": 8,
                "title": "物品",
                "photo_count": 10414,
                "links": {
                    "self": "https://api.unsplash.com/categories/8",
                    "photos": "https://api.unsplash.com/categories/8/photos"
                }
            }
        ],
        "tWidth": 451.68874172185434,
        "tHeight": 300,
        "eWidth": 4547,
        "eHeight": 3020
    },
    {
        "thumbnail": "https://images.unsplash.com/photo-1461360370896-922624d12aa1?ixlib=rb-0.3.5&q=80&fm=jpg&crop=entropy&w=400&fit=max&s=fa90ca753f2727d4c706c8afffbc106c",
        "enlarged": "https://images.unsplash.com/photo-1461360370896-922624d12aa1?ixlib=rb-0.3.5&q=80&fm=jpg&crop=entropy&w=1080&fit=max&s=36fb52f93b5b2bb8fddf253f0eb85ea2",
        "title": "Mr Cup / Fabien Barral ",
        "categories": [
            {
                "id": 8,
                "title": "物品",
                "photo_count": 10414,
                "links": {
                    "self": "https://api.unsplash.com/categories/8",
                    "photos": "https://api.unsplash.com/categories/8/photos"
                }
            }
        ],
        "tWidth": 451.68874172185434,
        "tHeight": 300,
        "eWidth": 4547,
        "eHeight": 3020
    },
    {
        "thumbnail": "https://images.unsplash.com/photo-1461360276940-6603a02afc1c?ixlib=rb-0.3.5&q=80&fm=jpg&crop=entropy&w=400&fit=max&s=afd7ba7eb9187e9caf473694e39a07db",
        "enlarged": "https://images.unsplash.com/photo-1461360276940-6603a02afc1c?ixlib=rb-0.3.5&q=80&fm=jpg&crop=entropy&w=1080&fit=max&s=71e81eed4172954e24dd7318374d5517",
        "title": "Mr Cup / Fabien Barral ",
        "categories": [
            {
                "id": 8,
                "title": "物品",
                "photo_count": 10414,
                "links": {
                    "self": "https://api.unsplash.com/categories/8",
                    "photos": "https://api.unsplash.com/categories/8/photos"
                }
            }
        ],
        "tWidth": 451.68874172185434,
        "tHeight": 300,
        "eWidth": 4547,
        "eHeight": 3020
    },
    {
        "thumbnail": "https://images.unsplash.com/photo-1461360228754-6e81c478b882?ixlib=rb-0.3.5&q=80&fm=jpg&crop=entropy&w=400&fit=max&s=e7fd4d962830a66753f3b7b78d64e374",
        "enlarged": "https://images.unsplash.com/photo-1461360228754-6e81c478b882?ixlib=rb-0.3.5&q=80&fm=jpg&crop=entropy&w=1080&fit=max&s=3b1793b5dbc9a73242f4164c74eaf7d8",
        "title": "Mr Cup / Fabien Barral ",
        "categories": [
            {
                "id": 8,
                "title": "物品",
                "photo_count": 10414,
                "links": {
                    "self": "https://api.unsplash.com/categories/8",
                    "photos": "https://api.unsplash.com/categories/8/photos"
                }
            }
        ],
        "tWidth": 451.6853932584269,
        "tHeight": 300,
        "eWidth": 4288,
        "eHeight": 2848
    },
    {
        "thumbnail": "https://images.unsplash.com/photo-1461359618866-5a5bff23c9bd?ixlib=rb-0.3.5&q=80&fm=jpg&crop=entropy&w=400&fit=max&s=e0d4879d98a5e47f5f8216437fcafa6e",
        "enlarged": "https://images.unsplash.com/photo-1461359618866-5a5bff23c9bd?ixlib=rb-0.3.5&q=80&fm=jpg&crop=entropy&w=1080&fit=max&s=3ae97f51a9416a8a7a500124538bca16",
        "title": "Mr Cup / Fabien Barral ",
        "categories": [
            {
                "id": 8,
                "title": "物品",
                "photo_count": 10414,
                "links": {
                    "self": "https://api.unsplash.com/categories/8",
                    "photos": "https://api.unsplash.com/categories/8/photos"
                }
            }
        ],
        "tWidth": 450.04948861761795,
        "tHeight": 300,
        "eWidth": 4547,
        "eHeight": 3031
    },
    {
        "thumbnail": "https://images.unsplash.com/photo-1461359658362-706d40e2ff90?ixlib=rb-0.3.5&q=80&fm=jpg&crop=entropy&w=400&fit=max&s=f6422c5811a7887bdcd9cc571bac9348",
        "enlarged": "https://images.unsplash.com/photo-1461359658362-706d40e2ff90?ixlib=rb-0.3.5&q=80&fm=jpg&crop=entropy&w=1080&fit=max&s=cb9636fd123c3b49347de599e2c9c73c",
        "title": "Bantita Wongwai , ",
        "categories": [
            {
                "id": 2,
                "title": "Buildings",
                "photo_count": 17424,
                "links": {
                    "self": "https://api.unsplash.com/categories/2",
                    "photos": "https://api.unsplash.com/categories/2/photos"
                }
            },
            {
                "id": 6,
                "title": "People",
                "photo_count": 13970,
                "links": {
                    "self": "https://api.unsplash.com/categories/6",
                    "photos": "https://api.unsplash.com/categories/6/photos"
                }
            }
        ],
        "tWidth": 450,
        "tHeight": 300,
        "eWidth": 3648,
        "eHeight": 2432
    },
    {
        "thumbnail": "https://images.unsplash.com/photo-1461357639531-7c8f25682119?ixlib=rb-0.3.5&q=80&fm=jpg&crop=entropy&w=400&fit=max&s=f0fdd569f07f09c863ab98d706a913b1",
        "enlarged": "https://images.unsplash.com/photo-1461357639531-7c8f25682119?ixlib=rb-0.3.5&q=80&fm=jpg&crop=entropy&w=1080&fit=max&s=8de4599c0bc691c773dc5fce3be56676",
        "title": "Josh Clemence ",
        "categories": [
            {
                "id": 4,
                "title": "自然风景",
                "photo_count": 41787,
                "links": {
                    "self": "https://api.unsplash.com/categories/4",
                    "photos": "https://api.unsplash.com/categories/4/photos"
                }
            }
        ],
        "tWidth": 400,
        "tHeight": 300,
        "eWidth": 2048,
        "eHeight": 1536
    },
    {
        "thumbnail": "https://images.unsplash.com/photo-1461355986781-5762a09d3cd4?ixlib=rb-0.3.5&q=80&fm=jpg&crop=entropy&w=400&fit=max&s=acb069f48a93750903456f0525529f32",
        "enlarged": "https://images.unsplash.com/photo-1461355986781-5762a09d3cd4?ixlib=rb-0.3.5&q=80&fm=jpg&crop=entropy&w=1080&fit=max&s=c6bcba840664b4e59b2de2df46966524",
        "title": "Josh Clemence ",
        "categories": [],
        "tWidth": 400,
        "tHeight": 300,
        "eWidth": 2048,
        "eHeight": 1536
    },
    {
        "thumbnail": "https://images.unsplash.com/photo-1461355114145-016691c9ee69?ixlib=rb-0.3.5&q=80&fm=jpg&crop=entropy&w=400&fit=max&s=6b3ea92227ca148050832c918cd922da",
        "enlarged": "https://images.unsplash.com/photo-1461355114145-016691c9ee69?ixlib=rb-0.3.5&q=80&fm=jpg&crop=entropy&w=1080&fit=max&s=d7dc51908b2b22d285a690e29bb172c2",
        "title": "Elaine Casap , , ",
        "categories": [
            {
                "id": 4,
                "title": "自然风景",
                "photo_count": 41787,
                "links": {
                    "self": "https://api.unsplash.com/categories/4",
                    "photos": "https://api.unsplash.com/categories/4/photos"
                }
            },
            {
                "id": 8,
                "title": "物品",
                "photo_count": 10414,
                "links": {
                    "self": "https://api.unsplash.com/categories/8",
                    "photos": "https://api.unsplash.com/categories/8/photos"
                }
            },
            {
                "id": 6,
                "title": "People",
                "photo_count": 13970,
                "links": {
                    "self": "https://api.unsplash.com/categories/6",
                    "photos": "https://api.unsplash.com/categories/6/photos"
                }
            }
        ],
        "tWidth": 450,
        "tHeight": 300,
        "eWidth": 5616,
        "eHeight": 3744
    },
    {
        "thumbnail": "https://images.unsplash.com/photo-1461354464878-ad92f492a5a0?ixlib=rb-0.3.5&q=80&fm=jpg&crop=entropy&w=400&fit=max&s=1b1e452d7f0ec311b922e64f3988f60b",
        "enlarged": "https://images.unsplash.com/photo-1461354464878-ad92f492a5a0?ixlib=rb-0.3.5&q=80&fm=jpg&crop=entropy&w=1080&fit=max&s=4def94e120182691b7e5e2773dfcf13e",
        "title": "Elaine Casap , ",
        "categories": [
            {
                "id": 4,
                "title": "自然风景",
                "photo_count": 41787,
                "links": {
                    "self": "https://api.unsplash.com/categories/4",
                    "photos": "https://api.unsplash.com/categories/4/photos"
                }
            },
            {
                "id": 6,
                "title": "People",
                "photo_count": 13970,
                "links": {
                    "self": "https://api.unsplash.com/categories/6",
                    "photos": "https://api.unsplash.com/categories/6/photos"
                }
            }
        ],
        "tWidth": 450,
        "tHeight": 300,
        "eWidth": 5616,
        "eHeight": 3744
    },
    {
        "thumbnail": "https://images.unsplash.com/photo-1461354360854-e33a1d6f7905?ixlib=rb-0.3.5&q=80&fm=jpg&crop=entropy&w=400&fit=max&s=2bce2bf66c9ced23f9a0f600e758be3a",
        "enlarged": "https://images.unsplash.com/photo-1461354360854-e33a1d6f7905?ixlib=rb-0.3.5&q=80&fm=jpg&crop=entropy&w=1080&fit=max&s=7db70bdb6957ef8d1a19b6dba2d4775d",
        "title": "Elaine Casap , ",
        "categories": [
            {
                "id": 4,
                "title": "自然风景",
                "photo_count": 41787,
                "links": {
                    "self": "https://api.unsplash.com/categories/4",
                    "photos": "https://api.unsplash.com/categories/4/photos"
                }
            },
            {
                "id": 6,
                "title": "People",
                "photo_count": 13970,
                "links": {
                    "self": "https://api.unsplash.com/categories/6",
                    "photos": "https://api.unsplash.com/categories/6/photos"
                }
            }
        ],
        "tWidth": 492.46636771300444,
        "tHeight": 300,
        "eWidth": 5491,
        "eHeight": 3345
    },
    {
        "thumbnail": "https://images.unsplash.com/photo-1461353789837-8eb180f968d2?ixlib=rb-0.3.5&q=80&fm=jpg&crop=entropy&w=400&fit=max&s=d6f7251b49bc0026e76baa2b7600e4e4",
        "enlarged": "https://images.unsplash.com/photo-1461353789837-8eb180f968d2?ixlib=rb-0.3.5&q=80&fm=jpg&crop=entropy&w=1080&fit=max&s=9d7f11f90b51feab81d95597ef4a65f6",
        "title": "Elaine Casap , ",
        "categories": [
            {
                "id": 4,
                "title": "自然风景",
                "photo_count": 41787,
                "links": {
                    "self": "https://api.unsplash.com/categories/4",
                    "photos": "https://api.unsplash.com/categories/4/photos"
                }
            },
            {
                "id": 6,
                "title": "People",
                "photo_count": 13970,
                "links": {
                    "self": "https://api.unsplash.com/categories/6",
                    "photos": "https://api.unsplash.com/categories/6/photos"
                }
            }
        ],
        "tWidth": 450.04594180704436,
        "tHeight": 300,
        "eWidth": 4898,
        "eHeight": 3265
    },
    {
        "thumbnail": "https://images.unsplash.com/photo-1461353604973-1ed4a86c08ba?ixlib=rb-0.3.5&q=80&fm=jpg&crop=entropy&w=400&fit=max&s=8cdd0155047e169b16303de448c0e0da",
        "enlarged": "https://images.unsplash.com/photo-1461353604973-1ed4a86c08ba?ixlib=rb-0.3.5&q=80&fm=jpg&crop=entropy&w=1080&fit=max&s=5a0a599e3edbc969c58a0377e9be1a3b",
        "title": "Andres Iga ",
        "categories": [
            {
                "id": 4,
                "title": "自然风景",
                "photo_count": 41787,
                "links": {
                    "self": "https://api.unsplash.com/categories/4",
                    "photos": "https://api.unsplash.com/categories/4/photos"
                }
            }
        ],
        "tWidth": 533.1342345174473,
        "tHeight": 300,
        "eWidth": 5653,
        "eHeight": 3181
    },
    {
        "thumbnail": "https://images.unsplash.com/photo-1461353567178-49dde8f6da50?ixlib=rb-0.3.5&q=80&fm=jpg&crop=entropy&w=400&fit=max&s=258756969e49698714ac2d12ab17d63a",
        "enlarged": "https://images.unsplash.com/photo-1461353567178-49dde8f6da50?ixlib=rb-0.3.5&q=80&fm=jpg&crop=entropy&w=1080&fit=max&s=c67db20018de0ade5965657654badaea",
        "title": "Mat Weller , ",
        "categories": [
            {
                "id": 4,
                "title": "自然风景",
                "photo_count": 41787,
                "links": {
                    "self": "https://api.unsplash.com/categories/4",
                    "photos": "https://api.unsplash.com/categories/4/photos"
                }
            },
            {
                "id": 6,
                "title": "People",
                "photo_count": 13970,
                "links": {
                    "self": "https://api.unsplash.com/categories/6",
                    "photos": "https://api.unsplash.com/categories/6/photos"
                }
            }
        ],
        "tWidth": 531.1195445920304,
        "tHeight": 300,
        "eWidth": 5598,
        "eHeight": 3162
    },
    {
        "thumbnail": "https://images.unsplash.com/photo-1461352195749-fdba50b79c74?ixlib=rb-0.3.5&q=80&fm=jpg&crop=entropy&w=400&fit=max&s=96f8bbd03cfaf873ca790f9c9247c2e1",
        "enlarged": "https://images.unsplash.com/photo-1461352195749-fdba50b79c74?ixlib=rb-0.3.5&q=80&fm=jpg&crop=entropy&w=1080&fit=max&s=e4a220eb5664cd1931992b4886145e77",
        "title": "Tobias van Schneider ",
        "categories": [],
        "tWidth": 449.7737556561086,
        "tHeight": 300,
        "eWidth": 7952,
        "eHeight": 5304
    },
    {
        "thumbnail": "https://images.unsplash.com/photo-1461348265681-4cc0ee361861?ixlib=rb-0.3.5&q=80&fm=jpg&crop=entropy&w=400&fit=max&s=d574894c3dd5b1a0ea86c9484c38786c",
        "enlarged": "https://images.unsplash.com/photo-1461348265681-4cc0ee361861?ixlib=rb-0.3.5&q=80&fm=jpg&crop=entropy&w=1080&fit=max&s=d7626d3bb6be40d751effd1bbe3a959e",
        "title": "Pineapples ",
        "categories": [
            {
                "id": 4,
                "title": "自然风景",
                "photo_count": 41787,
                "links": {
                    "self": "https://api.unsplash.com/categories/4",
                    "photos": "https://api.unsplash.com/categories/4/photos"
                }
            }
        ],
        "tWidth": 450,
        "tHeight": 300,
        "eWidth": 6000,
        "eHeight": 4000
    },
    {
        "thumbnail": "https://images.unsplash.com/photo-1461344577544-4e5dc9487184?ixlib=rb-0.3.5&q=80&fm=jpg&crop=entropy&w=400&fit=max&s=58772356ba002c76aeced816f044b4a7",
        "enlarged": "https://images.unsplash.com/photo-1461344577544-4e5dc9487184?ixlib=rb-0.3.5&q=80&fm=jpg&crop=entropy&w=1080&fit=max&s=3ca7c11c6868be9b0f75950841b9798e",
        "title": "Alice Achterhof , ",
        "categories": [
            {
                "id": 8,
                "title": "物品",
                "photo_count": 10414,
                "links": {
                    "self": "https://api.unsplash.com/categories/8",
                    "photos": "https://api.unsplash.com/categories/8/photos"
                }
            },
            {
                "id": 6,
                "title": "People",
                "photo_count": 13970,
                "links": {
                    "self": "https://api.unsplash.com/categories/6",
                    "photos": "https://api.unsplash.com/categories/6/photos"
                }
            }
        ],
        "tWidth": 449.9428571428571,
        "tHeight": 300,
        "eWidth": 3937,
        "eHeight": 2625
    },
    {
        "thumbnail": "https://images.unsplash.com/photo-1461342249744-29a57e9bd1cb?ixlib=rb-0.3.5&q=80&fm=jpg&crop=entropy&w=400&fit=max&s=7f5ae0eaaed16367f09a91a500eee68d",
        "enlarged": "https://images.unsplash.com/photo-1461342249744-29a57e9bd1cb?ixlib=rb-0.3.5&q=80&fm=jpg&crop=entropy&w=1080&fit=max&s=cddf7676d67a0ae7f2688535a1a8fcf7",
        "title": "krystina rogers ",
        "categories": [
            {
                "id": 4,
                "title": "自然风景",
                "photo_count": 41787,
                "links": {
                    "self": "https://api.unsplash.com/categories/4",
                    "photos": "https://api.unsplash.com/categories/4/photos"
                }
            }
        ],
        "tWidth": 450,
        "tHeight": 300,
        "eWidth": 5184,
        "eHeight": 3456
    },
    {
        "thumbnail": "https://images.unsplash.com/photo-1461337164761-2124f78ecc21?ixlib=rb-0.3.5&q=80&fm=jpg&crop=entropy&w=400&fit=max&s=381ceeba3a9abcb1325fe7f81da7e31e",
        "enlarged": "https://images.unsplash.com/photo-1461337164761-2124f78ecc21?ixlib=rb-0.3.5&q=80&fm=jpg&crop=entropy&w=1080&fit=max&s=fa4ccf8287f002251b725371e9cebdeb",
        "title": "Myles Tan ",
        "categories": [
            {
                "id": 8,
                "title": "物品",
                "photo_count": 10414,
                "links": {
                    "self": "https://api.unsplash.com/categories/8",
                    "photos": "https://api.unsplash.com/categories/8/photos"
                }
            }
        ],
        "tWidth": 200,
        "tHeight": 300,
        "eWidth": 4000,
        "eHeight": 6000
    },
    {
        "thumbnail": "https://images.unsplash.com/photo-1461335353494-1b2290dca4a9?ixlib=rb-0.3.5&q=80&fm=jpg&crop=entropy&w=400&fit=max&s=d83f89f24b2eef9a3c2a1d59c1592fec",
        "enlarged": "https://images.unsplash.com/photo-1461335353494-1b2290dca4a9?ixlib=rb-0.3.5&q=80&fm=jpg&crop=entropy&w=1080&fit=max&s=c61ceb5ae8d4537978700a98f42a5d87",
        "title": "Jordan Whitt ",
        "categories": [
            {
                "id": 4,
                "title": "自然风景",
                "photo_count": 41787,
                "links": {
                    "self": "https://api.unsplash.com/categories/4",
                    "photos": "https://api.unsplash.com/categories/4/photos"
                }
            }
        ],
        "tWidth": 449.3478260869565,
        "tHeight": 300,
        "eWidth": 4823,
        "eHeight": 3220
    },
    {
        "thumbnail": "https://images.unsplash.com/photo-1461332682233-b818af4c3a6e?ixlib=rb-0.3.5&q=80&fm=jpg&crop=entropy&w=400&fit=max&s=fe60c98eb05025035a1b01aa395116c8",
        "enlarged": "https://images.unsplash.com/photo-1461332682233-b818af4c3a6e?ixlib=rb-0.3.5&q=80&fm=jpg&crop=entropy&w=1080&fit=max&s=68a77cd4de2cf80e3f5175d1ad85d8b4",
        "title": "Sebastian Unrau ",
        "categories": [
            {
                "id": 6,
                "title": "People",
                "photo_count": 13970,
                "links": {
                    "self": "https://api.unsplash.com/categories/6",
                    "photos": "https://api.unsplash.com/categories/6/photos"
                }
            }
        ],
        "tWidth": 455.8145625982189,
        "tHeight": 300,
        "eWidth": 5801,
        "eHeight": 3818
    },
    {
        "thumbnail": "https://images.unsplash.com/photo-1461319914485-5cd8e9b682a8?ixlib=rb-0.3.5&q=80&fm=jpg&crop=entropy&w=400&fit=max&s=60d1be44a4fbd4b15d79436e8b672b69",
        "enlarged": "https://images.unsplash.com/photo-1461319914485-5cd8e9b682a8?ixlib=rb-0.3.5&q=80&fm=jpg&crop=entropy&w=1080&fit=max&s=b4c2017594294b3ac237e53862506ae9",
        "title": "Toa Heftiba ",
        "categories": [
            {
                "id": 2,
                "title": "Buildings",
                "photo_count": 17424,
                "links": {
                    "self": "https://api.unsplash.com/categories/2",
                    "photos": "https://api.unsplash.com/categories/2/photos"
                }
            }
        ],
        "tWidth": 446.9135802469136,
        "tHeight": 300,
        "eWidth": 2896,
        "eHeight": 1944
    },
    {
        "thumbnail": "https://images.unsplash.com/photo-1461319805560-d7d182e9fbbf?ixlib=rb-0.3.5&q=80&fm=jpg&crop=entropy&w=400&fit=max&s=e2bfb38b13bdff7dcd8615747780641e",
        "enlarged": "https://images.unsplash.com/photo-1461319805560-d7d182e9fbbf?ixlib=rb-0.3.5&q=80&fm=jpg&crop=entropy&w=1080&fit=max&s=7d12a5e594a1564e75b50a6bfa410fec",
        "title": "Toa Heftiba ",
        "categories": [
            {
                "id": 2,
                "title": "Buildings",
                "photo_count": 17424,
                "links": {
                    "self": "https://api.unsplash.com/categories/2",
                    "photos": "https://api.unsplash.com/categories/2/photos"
                }
            }
        ],
        "tWidth": 448.14814814814815,
        "tHeight": 300,
        "eWidth": 3872,
        "eHeight": 2592
    },
    {
        "thumbnail": "https://images.unsplash.com/photo-1461315668227-3ca90f37290f?ixlib=rb-0.3.5&q=80&fm=jpg&crop=entropy&w=400&fit=max&s=a6af2bdb6f865376ccdced00b8e6a4d3",
        "enlarged": "https://images.unsplash.com/photo-1461315668227-3ca90f37290f?ixlib=rb-0.3.5&q=80&fm=jpg&crop=entropy&w=1080&fit=max&s=b3959e868cb1e2d19f63349b9315b9a9",
        "title": "è´èŽ‰å„¿ NG ",
        "categories": [
            {
                "id": 2,
                "title": "Buildings",
                "photo_count": 17424,
                "links": {
                    "self": "https://api.unsplash.com/categories/2",
                    "photos": "https://api.unsplash.com/categories/2/photos"
                }
            }
        ],
        "tWidth": 400,
        "tHeight": 300,
        "eWidth": 4000,
        "eHeight": 3000
    },
    {
        "thumbnail": "https://images.unsplash.com/photo-1461314792533-a610f2aedeee?ixlib=rb-0.3.5&q=80&fm=jpg&crop=entropy&w=400&fit=max&s=e217cc538af5d2eb1e982494c3df810c",
        "enlarged": "https://images.unsplash.com/photo-1461314792533-a610f2aedeee?ixlib=rb-0.3.5&q=80&fm=jpg&crop=entropy&w=1080&fit=max&s=bccc5109811b4d1b91cd34186cdeddff",
        "title": "è´èŽ‰å„¿ NG ",
        "categories": [
            {
                "id": 2,
                "title": "Buildings",
                "photo_count": 17424,
                "links": {
                    "self": "https://api.unsplash.com/categories/2",
                    "photos": "https://api.unsplash.com/categories/2/photos"
                }
            }
        ],
        "tWidth": 225,
        "tHeight": 300,
        "eWidth": 3000,
        "eHeight": 4000
    },
    {
        "thumbnail": "https://images.unsplash.com/photo-1461301214746-1e109215d6d3?ixlib=rb-0.3.5&q=80&fm=jpg&crop=entropy&w=400&fit=max&s=4c8d66571305909d949a305c8a3c27d4",
        "enlarged": "https://images.unsplash.com/photo-1461301214746-1e109215d6d3?ixlib=rb-0.3.5&q=80&fm=jpg&crop=entropy&w=1080&fit=max&s=66a699ebb1d245b991b093daec81b04d",
        "title": "Kace  Rodriguez ",
        "categories": [
            {
                "id": 4,
                "title": "自然风景",
                "photo_count": 41787,
                "links": {
                    "self": "https://api.unsplash.com/categories/4",
                    "photos": "https://api.unsplash.com/categories/4/photos"
                }
            }
        ],
        "tWidth": 449.94738688179586,
        "tHeight": 300,
        "eWidth": 4276,
        "eHeight": 2851
    },
    {
        "thumbnail": "https://images.unsplash.com/photo-1461300617643-0aeca186c805?ixlib=rb-0.3.5&q=80&fm=jpg&crop=entropy&w=400&fit=max&s=24a38116d1a0fe6cb76b359d27165b36",
        "enlarged": "https://images.unsplash.com/photo-1461300617643-0aeca186c805?ixlib=rb-0.3.5&q=80&fm=jpg&crop=entropy&w=1080&fit=max&s=7011b3ccc32ca00658108aae34b8f12e",
        "title": "Kace  Rodriguez ",
        "categories": [
            {
                "id": 4,
                "title": "自然风景",
                "photo_count": 41787,
                "links": {
                    "self": "https://api.unsplash.com/categories/4",
                    "photos": "https://api.unsplash.com/categories/4/photos"
                }
            }
        ],
        "tWidth": 450,
        "tHeight": 300,
        "eWidth": 4896,
        "eHeight": 3264
    },
    {
        "thumbnail": "https://images.unsplash.com/photo-1461295025362-7547f63dbaea?ixlib=rb-0.3.5&q=80&fm=jpg&crop=entropy&w=400&fit=max&s=7bcd717024dfb1d54ed16e3ade8638a1",
        "enlarged": "https://images.unsplash.com/photo-1461295025362-7547f63dbaea?ixlib=rb-0.3.5&q=80&fm=jpg&crop=entropy&w=1080&fit=max&s=318b7818f0c30ca96c096fe8c6dce1be",
        "title": "JoÃ£o Silas , ",
        "categories": [
            {
                "id": 4,
                "title": "自然风景",
                "photo_count": 41787,
                "links": {
                    "self": "https://api.unsplash.com/categories/4",
                    "photos": "https://api.unsplash.com/categories/4/photos"
                }
            },
            {
                "id": 6,
                "title": "People",
                "photo_count": 13970,
                "links": {
                    "self": "https://api.unsplash.com/categories/6",
                    "photos": "https://api.unsplash.com/categories/6/photos"
                }
            }
        ],
        "tWidth": 449.9562809676479,
        "tHeight": 300,
        "eWidth": 5146,
        "eHeight": 3431
    },
    {
        "thumbnail": "https://images.unsplash.com/photo-1461287159820-04de78c094e9?ixlib=rb-0.3.5&q=80&fm=jpg&crop=entropy&w=400&fit=max&s=ad0260211f35ede2b9b1c6e1a70f514b",
        "enlarged": "https://images.unsplash.com/photo-1461287159820-04de78c094e9?ixlib=rb-0.3.5&q=80&fm=jpg&crop=entropy&w=1080&fit=max&s=cd56f41da3691f3bc0ddbb53a9392151",
        "title": "Qusai Akoud , ",
        "categories": [
            {
                "id": 8,
                "title": "物品",
                "photo_count": 10414,
                "links": {
                    "self": "https://api.unsplash.com/categories/8",
                    "photos": "https://api.unsplash.com/categories/8/photos"
                }
            },
            {
                "id": 6,
                "title": "People",
                "photo_count": 13970,
                "links": {
                    "self": "https://api.unsplash.com/categories/6",
                    "photos": "https://api.unsplash.com/categories/6/photos"
                }
            }
        ],
        "tWidth": 452.94117647058823,
        "tHeight": 300,
        "eWidth": 4928,
        "eHeight": 3264
    },
    {
        "thumbnail": "https://images.unsplash.com/photo-1461280360983-bd93eaa5051b?ixlib=rb-0.3.5&q=80&fm=jpg&crop=entropy&w=400&fit=max&s=4b7aee3a2b6df8e319468b369893f8ba",
        "enlarged": "https://images.unsplash.com/photo-1461280360983-bd93eaa5051b?ixlib=rb-0.3.5&q=80&fm=jpg&crop=entropy&w=1080&fit=max&s=fe8e0978645decb4051484d33cd40488",
        "title": "Alexis Brown ",
        "categories": [
            {
                "id": 6,
                "title": "People",
                "photo_count": 13970,
                "links": {
                    "self": "https://api.unsplash.com/categories/6",
                    "photos": "https://api.unsplash.com/categories/6/photos"
                }
            }
        ],
        "tWidth": 450,
        "tHeight": 300,
        "eWidth": 5760,
        "eHeight": 3840
    },
    {
        "thumbnail": "https://images.unsplash.com/photo-1461274504020-af995bc53281?ixlib=rb-0.3.5&q=80&fm=jpg&crop=entropy&w=400&fit=max&s=d49bd8d2e5be8544bde27d6cf869e30b",
        "enlarged": "https://images.unsplash.com/photo-1461274504020-af995bc53281?ixlib=rb-0.3.5&q=80&fm=jpg&crop=entropy&w=1080&fit=max&s=2d3ae9bf8cec3e9034e72f951a521868",
        "title": "Colby Thomas , ",
        "categories": [
            {
                "id": 2,
                "title": "Buildings",
                "photo_count": 17424,
                "links": {
                    "self": "https://api.unsplash.com/categories/2",
                    "photos": "https://api.unsplash.com/categories/2/photos"
                }
            },
            {
                "id": 4,
                "title": "自然风景",
                "photo_count": 41787,
                "links": {
                    "self": "https://api.unsplash.com/categories/4",
                    "photos": "https://api.unsplash.com/categories/4/photos"
                }
            }
        ],
        "tWidth": 479.94061365885847,
        "tHeight": 300,
        "eWidth": 4849,
        "eHeight": 3031
    },
    {
        "thumbnail": "https://images.unsplash.com/photo-1461272395971-7c6ffaa435b7?ixlib=rb-0.3.5&q=80&fm=jpg&crop=entropy&w=400&fit=max&s=c5f3e759aee809b81652d2f17a8ea91f",
        "enlarged": "https://images.unsplash.com/photo-1461272395971-7c6ffaa435b7?ixlib=rb-0.3.5&q=80&fm=jpg&crop=entropy&w=1080&fit=max&s=83bc7feb10ecb9622a5b09ae5419060e",
        "title": "adam morse ",
        "categories": [
            {
                "id": 2,
                "title": "Buildings",
                "photo_count": 17424,
                "links": {
                    "self": "https://api.unsplash.com/categories/2",
                    "photos": "https://api.unsplash.com/categories/2/photos"
                }
            }
        ],
        "tWidth": 450.0396930404869,
        "tHeight": 300,
        "eWidth": 5669,
        "eHeight": 3779
    },
    {
        "thumbnail": "https://images.unsplash.com/photo-1461268819612-35d5049e338b?ixlib=rb-0.3.5&q=80&fm=jpg&crop=entropy&w=400&fit=max&s=de2e4cee9662fd5601a8b78f960d5764",
        "enlarged": "https://images.unsplash.com/photo-1461268819612-35d5049e338b?ixlib=rb-0.3.5&q=80&fm=jpg&crop=entropy&w=1080&fit=max&s=b5da708aa3b9191115e2fc3457bba65f",
        "title": "Vladimir Chuchadeev ",
        "categories": [
            {
                "id": 4,
                "title": "自然风景",
                "photo_count": 41787,
                "links": {
                    "self": "https://api.unsplash.com/categories/4",
                    "photos": "https://api.unsplash.com/categories/4/photos"
                }
            }
        ],
        "tWidth": 450.0734214390602,
        "tHeight": 300,
        "eWidth": 3065,
        "eHeight": 2043
    },
    {
        "thumbnail": "https://images.unsplash.com/photo-1461268300564-666e9a3c88a5?ixlib=rb-0.3.5&q=80&fm=jpg&crop=entropy&w=400&fit=max&s=efca9ce61e01202535ec457a71be809d",
        "enlarged": "https://images.unsplash.com/photo-1461268300564-666e9a3c88a5?ixlib=rb-0.3.5&q=80&fm=jpg&crop=entropy&w=1080&fit=max&s=93b2549e25e270791d482ab89e870293",
        "title": "Toby Wong ",
        "categories": [
            {
                "id": 4,
                "title": "自然风景",
                "photo_count": 41787,
                "links": {
                    "self": "https://api.unsplash.com/categories/4",
                    "photos": "https://api.unsplash.com/categories/4/photos"
                }
            }
        ],
        "tWidth": 450.11252813203305,
        "tHeight": 300,
        "eWidth": 2000,
        "eHeight": 1333
    },
    {
        "thumbnail": "https://images.unsplash.com/photo-1461267447327-230b0259735e?ixlib=rb-0.3.5&q=80&fm=jpg&crop=entropy&w=400&fit=max&s=6ef363984b1ff78cf7b1d0a12d8d411c",
        "enlarged": "https://images.unsplash.com/photo-1461267447327-230b0259735e?ixlib=rb-0.3.5&q=80&fm=jpg&crop=entropy&w=1080&fit=max&s=be012ef399d06648ddd9f297d590ee83",
        "title": "Rosan Harmens , ",
        "categories": [
            {
                "id": 4,
                "title": "自然风景",
                "photo_count": 41787,
                "links": {
                    "self": "https://api.unsplash.com/categories/4",
                    "photos": "https://api.unsplash.com/categories/4/photos"
                }
            },
            {
                "id": 6,
                "title": "People",
                "photo_count": 13970,
                "links": {
                    "self": "https://api.unsplash.com/categories/6",
                    "photos": "https://api.unsplash.com/categories/6/photos"
                }
            }
        ],
        "tWidth": 451.6853932584269,
        "tHeight": 300,
        "eWidth": 4288,
        "eHeight": 2848
    },
    {
        "thumbnail": "https://images.unsplash.com/photo-1461265924727-666f16b92ad7?ixlib=rb-0.3.5&q=80&fm=jpg&crop=entropy&w=400&fit=max&s=167af75120d4dc2f693ee4590cee2f87",
        "enlarged": "https://images.unsplash.com/photo-1461265924727-666f16b92ad7?ixlib=rb-0.3.5&q=80&fm=jpg&crop=entropy&w=1080&fit=max&s=4e609ab83d72172b4e12b572246415a4",
        "title": "Sweet Ice Cream Photography ",
        "categories": [
            {
                "id": 6,
                "title": "People",
                "photo_count": 13970,
                "links": {
                    "self": "https://api.unsplash.com/categories/6",
                    "photos": "https://api.unsplash.com/categories/6/photos"
                }
            }
        ],
        "tWidth": 450,
        "tHeight": 300,
        "eWidth": 5760,
        "eHeight": 3840
    },
    {
        "thumbnail": "https://images.unsplash.com/photo-1461263895214-7761d3a942de?ixlib=rb-0.3.5&q=80&fm=jpg&crop=entropy&w=400&fit=max&s=01cb5c31de186c1fc57e6c35da0369f2",
        "enlarged": "https://images.unsplash.com/photo-1461263895214-7761d3a942de?ixlib=rb-0.3.5&q=80&fm=jpg&crop=entropy&w=1080&fit=max&s=d2b03b1bf6c25dbda3d246ac5427961d",
        "title": "Dino Reichmuth , ",
        "categories": [
            {
                "id": 4,
                "title": "自然风景",
                "photo_count": 41787,
                "links": {
                    "self": "https://api.unsplash.com/categories/4",
                    "photos": "https://api.unsplash.com/categories/4/photos"
                }
            },
            {
                "id": 6,
                "title": "People",
                "photo_count": 13970,
                "links": {
                    "self": "https://api.unsplash.com/categories/6",
                    "photos": "https://api.unsplash.com/categories/6/photos"
                }
            }
        ],
        "tWidth": 470.39460233081167,
        "tHeight": 300,
        "eWidth": 7669,
        "eHeight": 4891
    },
    {
        "thumbnail": "https://images.unsplash.com/photo-1461263451864-520425af1f6e?ixlib=rb-0.3.5&q=80&fm=jpg&crop=entropy&w=400&fit=max&s=9fce0debfb0c5fdd4c6e06a5d7aa70cb",
        "enlarged": "https://images.unsplash.com/photo-1461263451864-520425af1f6e?ixlib=rb-0.3.5&q=80&fm=jpg&crop=entropy&w=1080&fit=max&s=527c9f2c0159b8a8277846a4ed206c52",
        "title": "Jesse Bowser ",
        "categories": [
            {
                "id": 4,
                "title": "自然风景",
                "photo_count": 41787,
                "links": {
                    "self": "https://api.unsplash.com/categories/4",
                    "photos": "https://api.unsplash.com/categories/4/photos"
                }
            }
        ],
        "tWidth": 374.94505494505495,
        "tHeight": 300,
        "eWidth": 3412,
        "eHeight": 2730
    },
    {
        "thumbnail": "https://images.unsplash.com/photo-1461257906370-321a8ad92e6c?ixlib=rb-0.3.5&q=80&fm=jpg&crop=entropy&w=400&fit=max&s=1d771cc3aa045e8071b7c30905b79e6b",
        "enlarged": "https://images.unsplash.com/photo-1461257906370-321a8ad92e6c?ixlib=rb-0.3.5&q=80&fm=jpg&crop=entropy&w=1080&fit=max&s=26398cad7dc9fde01d491783db4b9790",
        "title": "Nirzar Pangarkar ",
        "categories": [
            {
                "id": 8,
                "title": "物品",
                "photo_count": 10414,
                "links": {
                    "self": "https://api.unsplash.com/categories/8",
                    "photos": "https://api.unsplash.com/categories/8/photos"
                }
            }
        ],
        "tWidth": 199.98,
        "tHeight": 300,
        "eWidth": 3333,
        "eHeight": 5000
    },
    {
        "thumbnail": "https://images.unsplash.com/photo-1461253205884-5aa82520ee48?ixlib=rb-0.3.5&q=80&fm=jpg&crop=entropy&w=400&fit=max&s=f74eaeb95c9ef3ec777e749459869d49",
        "enlarged": "https://images.unsplash.com/photo-1461253205884-5aa82520ee48?ixlib=rb-0.3.5&q=80&fm=jpg&crop=entropy&w=1080&fit=max&s=587aebcf3a15e16a4eacd3a534497995",
        "title": "Qusai Akoud ",
        "categories": [
            {
                "id": 2,
                "title": "Buildings",
                "photo_count": 17424,
                "links": {
                    "self": "https://api.unsplash.com/categories/2",
                    "photos": "https://api.unsplash.com/categories/2/photos"
                }
            }
        ],
        "tWidth": 452.94117647058823,
        "tHeight": 300,
        "eWidth": 4928,
        "eHeight": 3264
    },
    {
        "thumbnail": "https://images.unsplash.com/photo-1461250281059-4f83443edbdc?ixlib=rb-0.3.5&q=80&fm=jpg&crop=entropy&w=400&fit=max&s=440a0494ffafddebb6df67a11990c2fb",
        "enlarged": "https://images.unsplash.com/photo-1461250281059-4f83443edbdc?ixlib=rb-0.3.5&q=80&fm=jpg&crop=entropy&w=1080&fit=max&s=7bd51395deeda091079645b430a846f4",
        "title": "Alexander Marinescu ",
        "categories": [
            {
                "id": 4,
                "title": "自然风景",
                "photo_count": 41787,
                "links": {
                    "self": "https://api.unsplash.com/categories/4",
                    "photos": "https://api.unsplash.com/categories/4/photos"
                }
            }
        ],
        "tWidth": 533.175355450237,
        "tHeight": 300,
        "eWidth": 6000,
        "eHeight": 3376
    },
    {
        "thumbnail": "https://images.unsplash.com/photo-1461248481170-e44894b0909c?ixlib=rb-0.3.5&q=80&fm=jpg&crop=entropy&w=400&fit=max&s=6887ac6bb6ee40a3850c48f9c8628c08",
        "enlarged": "https://images.unsplash.com/photo-1461248481170-e44894b0909c?ixlib=rb-0.3.5&q=80&fm=jpg&crop=entropy&w=1080&fit=max&s=fc4d2c02196114985e80ba5fbbcbf15e",
        "title": "Abi Lewis ",
        "categories": [
            {
                "id": 6,
                "title": "People",
                "photo_count": 13970,
                "links": {
                    "self": "https://api.unsplash.com/categories/6",
                    "photos": "https://api.unsplash.com/categories/6/photos"
                }
            }
        ],
        "tWidth": 443.81057878703956,
        "tHeight": 300,
        "eWidth": 5342,
        "eHeight": 3611
    },
    {
        "thumbnail": "https://images.unsplash.com/photo-1461243164308-a84b29bd06de?ixlib=rb-0.3.5&q=80&fm=jpg&crop=entropy&w=400&fit=max&s=38d6e55ffa13dfac1d08d08c0da6b9a1",
        "enlarged": "https://images.unsplash.com/photo-1461243164308-a84b29bd06de?ixlib=rb-0.3.5&q=80&fm=jpg&crop=entropy&w=1080&fit=max&s=35e1fa3581a709c26dc8bf66fa08aba2",
        "title": "Annie Spratt ",
        "categories": [
            {
                "id": 4,
                "title": "自然风景",
                "photo_count": 41787,
                "links": {
                    "self": "https://api.unsplash.com/categories/4",
                    "photos": "https://api.unsplash.com/categories/4/photos"
                }
            }
        ],
        "tWidth": 199.7,
        "tHeight": 300,
        "eWidth": 1997,
        "eHeight": 3000
    },
    {
        "thumbnail": "https://images.unsplash.com/photo-1461238661596-063815c4e633?ixlib=rb-0.3.5&q=80&fm=jpg&crop=entropy&w=400&fit=max&s=82e25c9f50069a3ff47f41736beb9aa6",
        "enlarged": "https://images.unsplash.com/photo-1461238661596-063815c4e633?ixlib=rb-0.3.5&q=80&fm=jpg&crop=entropy&w=1080&fit=max&s=93e2eec1df6456b1b8580fae21997cf0",
        "title": "Vaida TamoÅ¡auskaitÄ— ",
        "categories": [
            {
                "id": 4,
                "title": "自然风景",
                "photo_count": 41787,
                "links": {
                    "self": "https://api.unsplash.com/categories/4",
                    "photos": "https://api.unsplash.com/categories/4/photos"
                }
            }
        ],
        "tWidth": 451.2,
        "tHeight": 300,
        "eWidth": 6016,
        "eHeight": 4000
    },
    {
        "thumbnail": "https://images.unsplash.com/photo-1461155264347-f1450307af27?ixlib=rb-0.3.5&q=80&fm=jpg&crop=entropy&w=400&fit=max&s=40a09f597e6b220624bcd8c8849f6723",
        "enlarged": "https://images.unsplash.com/photo-1461155264347-f1450307af27?ixlib=rb-0.3.5&q=80&fm=jpg&crop=entropy&w=1080&fit=max&s=4cbecd749d9d6d4655865d2d814ec684",
        "title": "Oshomah Abubakar ",
        "categories": [
            {
                "id": 6,
                "title": "People",
                "photo_count": 13970,
                "links": {
                    "self": "https://api.unsplash.com/categories/6",
                    "photos": "https://api.unsplash.com/categories/6/photos"
                }
            }
        ],
        "tWidth": 450,
        "tHeight": 300,
        "eWidth": 5184,
        "eHeight": 3456
    },
    {
        "thumbnail": "https://images.unsplash.com/photo-1461232247412-55dd149f13d6?ixlib=rb-0.3.5&q=80&fm=jpg&crop=entropy&w=400&fit=max&s=5779bcd0ea2770e52a2fd532305e0d35",
        "enlarged": "https://images.unsplash.com/photo-1461232247412-55dd149f13d6?ixlib=rb-0.3.5&q=80&fm=jpg&crop=entropy&w=1080&fit=max&s=9da0b08d292e7d850b8c9db7de331e50",
        "title": "Brijesh Nirmal , ",
        "categories": [
            {
                "id": 8,
                "title": "物品",
                "photo_count": 10414,
                "links": {
                    "self": "https://api.unsplash.com/categories/8",
                    "photos": "https://api.unsplash.com/categories/8/photos"
                }
            },
            {
                "id": 6,
                "title": "People",
                "photo_count": 13970,
                "links": {
                    "self": "https://api.unsplash.com/categories/6",
                    "photos": "https://api.unsplash.com/categories/6/photos"
                }
            }
        ],
        "tWidth": 449.59999999999997,
        "tHeight": 300,
        "eWidth": 4496,
        "eHeight": 3000
    },
    {
        "thumbnail": "https://images.unsplash.com/photo-1461229813543-5c214846bb3f?ixlib=rb-0.3.5&q=80&fm=jpg&crop=entropy&w=400&fit=max&s=6d3151010d6f444c0e7dc03bb0b285f5",
        "enlarged": "https://images.unsplash.com/photo-1461229813543-5c214846bb3f?ixlib=rb-0.3.5&q=80&fm=jpg&crop=entropy&w=1080&fit=max&s=a75eb896134d2641de7c08115a06394e",
        "title": "Tim Marshall ",
        "categories": [
            {
                "id": 4,
                "title": "自然风景",
                "photo_count": 41787,
                "links": {
                    "self": "https://api.unsplash.com/categories/4",
                    "photos": "https://api.unsplash.com/categories/4/photos"
                }
            }
        ],
        "tWidth": 450.07038948850305,
        "tHeight": 300,
        "eWidth": 3197,
        "eHeight": 2131
    },
    {
        "thumbnail": "https://images.unsplash.com/photo-1461220830992-5a8d6a54af75?ixlib=rb-0.3.5&q=80&fm=jpg&crop=entropy&w=400&fit=max&s=bda601c329f11dc7687ffaa9ea7b84ad",
        "enlarged": "https://images.unsplash.com/photo-1461220830992-5a8d6a54af75?ixlib=rb-0.3.5&q=80&fm=jpg&crop=entropy&w=1080&fit=max&s=5c2a9ce2c20f06591a9fb0c004ab61ff",
        "title": "Wil Stewart ",
        "categories": [
            {
                "id": 4,
                "title": "自然风景",
                "photo_count": 41787,
                "links": {
                    "self": "https://api.unsplash.com/categories/4",
                    "photos": "https://api.unsplash.com/categories/4/photos"
                }
            }
        ],
        "tWidth": 450,
        "tHeight": 300,
        "eWidth": 6000,
        "eHeight": 4000
    },
    {
        "thumbnail": "https://images.unsplash.com/photo-1461218821725-ec98ac649fab?ixlib=rb-0.3.5&q=80&fm=jpg&crop=entropy&w=400&fit=max&s=fbcb5dcbb2bf5c08dd1ae96718c57288",
        "enlarged": "https://images.unsplash.com/photo-1461218821725-ec98ac649fab?ixlib=rb-0.3.5&q=80&fm=jpg&crop=entropy&w=1080&fit=max&s=bfb09b1bd0391773a25471c1b099e343",
        "title": "Nirzar Pangarkar ",
        "categories": [
            {
                "id": 8,
                "title": "物品",
                "photo_count": 10414,
                "links": {
                    "self": "https://api.unsplash.com/categories/8",
                    "photos": "https://api.unsplash.com/categories/8/photos"
                }
            }
        ],
        "tWidth": 450.04500450045003,
        "tHeight": 300,
        "eWidth": 5000,
        "eHeight": 3333
    },
    {
        "thumbnail": "https://images.unsplash.com/photo-1461218779480-bb61b6be1924?ixlib=rb-0.3.5&q=80&fm=jpg&crop=entropy&w=400&fit=max&s=cb39d14e0fec2cf9f0154464b7840035",
        "enlarged": "https://images.unsplash.com/photo-1461218779480-bb61b6be1924?ixlib=rb-0.3.5&q=80&fm=jpg&crop=entropy&w=1080&fit=max&s=038eaef6408fa2b3638f8a53017ab78e",
        "title": "Nirzar Pangarkar ",
        "categories": [
            {
                "id": 8,
                "title": "物品",
                "photo_count": 10414,
                "links": {
                    "self": "https://api.unsplash.com/categories/8",
                    "photos": "https://api.unsplash.com/categories/8/photos"
                }
            }
        ],
        "tWidth": 450.04500450045003,
        "tHeight": 300,
        "eWidth": 5000,
        "eHeight": 3333
    },
    {
        "thumbnail": "https://images.unsplash.com/photo-1461214626925-421f126d9f11?ixlib=rb-0.3.5&q=80&fm=jpg&crop=entropy&w=400&fit=max&s=8838448219744ec8886e0be8e9ade7c9",
        "enlarged": "https://images.unsplash.com/photo-1461214626925-421f126d9f11?ixlib=rb-0.3.5&q=80&fm=jpg&crop=entropy&w=1080&fit=max&s=04cf0394165fa9e3ec16db15b76e81ab",
        "title": "Khara Woods , ",
        "categories": [
            {
                "id": 2,
                "title": "Buildings",
                "photo_count": 17424,
                "links": {
                    "self": "https://api.unsplash.com/categories/2",
                    "photos": "https://api.unsplash.com/categories/2/photos"
                }
            },
            {
                "id": 6,
                "title": "People",
                "photo_count": 13970,
                "links": {
                    "self": "https://api.unsplash.com/categories/6",
                    "photos": "https://api.unsplash.com/categories/6/photos"
                }
            }
        ],
        "tWidth": 450,
        "tHeight": 300,
        "eWidth": 4500,
        "eHeight": 3000
    },
    {
        "thumbnail": "https://images.unsplash.com/photo-1461209021041-7363279b9e05?ixlib=rb-0.3.5&q=80&fm=jpg&crop=entropy&w=400&fit=max&s=bce1c074c5b07ba7c56e6600675893fc",
        "enlarged": "https://images.unsplash.com/photo-1461209021041-7363279b9e05?ixlib=rb-0.3.5&q=80&fm=jpg&crop=entropy&w=1080&fit=max&s=32603ad68eef4e5830a9008fe1d12801",
        "title": "Laura Lefurgey-Smith ",
        "categories": [
            {
                "id": 4,
                "title": "自然风景",
                "photo_count": 41787,
                "links": {
                    "self": "https://api.unsplash.com/categories/4",
                    "photos": "https://api.unsplash.com/categories/4/photos"
                }
            }
        ],
        "tWidth": 374.6130030959752,
        "tHeight": 300,
        "eWidth": 3630,
        "eHeight": 2907
    },
    {
        "thumbnail": "https://annie-header-bg-1253939655.cos.ap-beijing.myqcloud.com/27.jpg",
        "enlarged": "https://annie-header-bg-1253939655.cos.ap-beijing.myqcloud.com/27.jpg",
        "title": "窗上女孩儿 ",
        "categories": [
            {
                "id": 9,
                "title": "窗上女孩儿",
                "photo_count": 41787,
                "links": {
                    "self": "https://annie-header-bg-1253939655.cos.ap-beijing.myqcloud.com/27.jpg",
                    "photos": "https://annie-header-bg-1253939655.cos.ap-beijing.myqcloud.com/27.jpg"
                }
            }
        ],
        "tWidth": 800.6130030959752,
        "tHeight": 500,
        "eWidth": 4830,
        "eHeight": 2907
    },
    {
        "thumbnail": "https://annie-header-bg-1253939655.cos.ap-beijing.myqcloud.com/106.jpg",
        "enlarged": "https://annie-header-bg-1253939655.cos.ap-beijing.myqcloud.com/106.jpg",
        "title": "窗上女孩儿 ",
        "categories": [
            {
                "id": 9,
                "title": "窗上女孩儿",
                "photo_count": 41787,
                "links": {
                    "self": "https://annie-header-bg-1253939655.cos.ap-beijing.myqcloud.com/106.jpg",
                    "photos": "https://annie-header-bg-1253939655.cos.ap-beijing.myqcloud.com/106.jpg"
                }
            }
        ],
        "tWidth": 800.6130030959752,
        "tHeight": 500,
        "eWidth": 4830,
        "eHeight": 2907
    },
    {
        "thumbnail": "https://annie-header-bg-1253939655.cos.ap-beijing.myqcloud.com/13.jpg",
        "enlarged": "https://annie-header-bg-1253939655.cos.ap-beijing.myqcloud.com/13.jpg",
        "title": "窗上女孩儿 ",
        "categories": [
            {
                "id": 9,
                "title": "窗上女孩儿",
                "photo_count": 41787,
                "links": {
                    "self": "https://annie-header-bg-1253939655.cos.ap-beijing.myqcloud.com/13.jpg",
                    "photos": "https://annie-header-bg-1253939655.cos.ap-beijing.myqcloud.com/13.jpg"
                }

            }
        ],
        "tWidth": 800.6130030959752,
        "tHeight": 500,
        "eWidth": 4830,
        "eHeight": 2907
    }
]
